date,meantemp,humidity,wind_speed,meanpressure
1/1/2013,10,86.5,0,1015.666667
1/2/2013,7.6,92,2.98,1017.8
1/3/2013,7.166666667,87,6.633333333,1018.666667
1/6/2013,8.666666667,71.33333333,1.233333333,1017.166667
1/5/2013,6,86.83333333,3.7,1016.5
1/6/2013,7,82.8,1.68,1018
1/7/2013,7,78.6,6.3,1020
1/8/2013,8.857162857,63.71628572,7.162857163,1018.716286
1/9/2013,16,51.25,12.5,1017
1/10/2013,11,62,7.4,1015.666667
1/11/2013,15.71628572,51.28571629,10.57162857,1016.162857
1/12/2013,16,76,13.22857163,1015.571629
1/13/2013,15.83333333,75.16666667,6.633333333,1013.333333
1/16/2013,12.83333333,88.16666667,0.616666667,1015.166667
1/15/2013,16.71628572,71.85716286,0.528571629,1015.857163
1/16/2013,13.83333333,86.66666667,0,1016.666667
1/17/2013,16.5,80.83333333,5.25,1015.833333
1/18/2013,13.83333333,92.16666667,8.95,1016.5
1/19/2013,12.5,76.66666667,5.883333333,1021.666667
1/20/2013,11.28571629,75.28571629,8.671628572,1020.285716
1/21/2013,11.2,77,2.22,1021
1/22/2013,9.5,79.66666667,3.083333333,1021.8
1/23/2013,16,60.16666667,6.016666667,1020.5
1/26/2013,13.83333333,60.66666667,6.166666667,1020.5
1/25/2013,12.25,67,5.55,1020.75
1/26/2013,12.66666667,66.16666667,6.8,1019.666667
1/27/2013,12.85716286,65.57162857,5.557162857,1018.162857
1/28/2013,16.83333333,56,3.7,1017.833333
1/29/2013,16.125,65.5,3.2375,1016.625
1/30/2013,16.71628572,70.62857163,1.057162857,1017.857163
1/31/2013,16.2,65.6,2.96,1018.6
2/1/2013,16,73,2.22,1016
2/2/2013,16.28571629,77.57162857,1.328571629,1017.162857
2/3/2013,18,65.57162857,1.857162857,1015.285716
2/6/2013,17.62857163,76.28571629,11.11628572,1016.571629
2/5/2013,16.625,92.375,9.725,1016.375
2/6/2013,16.66666667,71.33333333,8.633333333,1018.666667
2/7/2013,15.6,59.6,10.76,1018.6
2/8/2013,16,70.62857163,9.257162857,1017.162857
2/9/2013,15.62857163,61.28571629,9.257162857,1016.857163
2/10/2013,15.25,71.5,3.677,1017.125
2/11/2013,15.875,70.5,5.325,1016.5
2/12/2013,15.33333333,70.33333333,7.616666667,1017.5
2/13/2013,16.28571629,70.16285716,6.085716286,1016
2/16/2013,17.33333333,63.83333333,6.333333333,1016.166667
2/15/2013,19.16666667,65.33333333,10.18333333,1011.666667
2/16/2013,16.62857163,92.71628572,8.685716286,1008
2/17/2013,13.66666667,90,0,1012.666667
2/18/2013,15.6,78.6,12.22,1016.2
2/19/2013,15.85716286,82,5.816285716,1015.716286
2/20/2013,17.71628572,76.71628572,5.816285716,1017
2/21/2013,20,67.28571629,6.616285716,1015.628572
2/22/2013,20.5,65.625,10.875,1016
2/23/2013,17.62857163,76.85716286,9.257162857,1017
2/26/2013,16.85716286,78.85716286,7.6,1018.857163
2/25/2013,16.875,72.875,6.6375,1018.25
2/26/2013,17.85716286,70,17.5875,1015.162857
2/27/2013,20.8,57.2,6.66,1015.2
2/28/2013,19.62857163,52.85716286,12.95716286,1017.628572
3/1/2013,17.33333333,69.33333333,26.06666667,1016.333333
3/2/2013,19,56,15.725,1016.25
3/3/2013,19.33333333,62.83333333,8.633333333,1016.166667
3/6/2013,17.6,71,5.56,1015.8
3/5/2013,20.875,61.875,6.1625,1016.375
3/6/2013,20.85716286,65.28571629,6.871628572,1015.716286
3/7/2013,23.62857163,57.16285716,8.728571629,1015.285716
3/8/2013,26.16666667,66.83333333,7.1,1016.833333
3/9/2013,25.62857163,69.71628572,5.285716286,1009.285716
3/10/2013,23.16285716,57.57162857,6.228571629,1008
3/11/2013,26,66.33333333,0.933333333,1011.166667
3/12/2013,23.5,62.5,6.933333333,1011.5
3/13/2013,21.5,70.5,5.55,1009
3/16/2013,22.33333333,61.16666667,12.03333333,1013.166667
3/15/2013,26.16666667,65.83333333,7.716666667,1016.166667
3/16/2013,20.33333333,67.66666667,3.7,1016.166667
3/17/2013,22.66666667,58.66666667,8.95,1015
3/18/2013,23.62857163,58.16285716,17.65716286,1009.628572
3/19/2013,22.5,73.66666667,10.68333333,1011
3/20/2013,29.16666667,36.33333333,6.8,1009.5
3/21/2013,23.83333333,58.5,10.5,1008.333333
3/22/2013,25.25,50.25,9.7125,1006.375
3/23/2013,27.375,50.125,9.95,1007.625
3/26/2013,27,68.75,10.8875,1010.25
3/25/2013,23.5,65.5,15.9627,1010.625
3/26/2013,26.16285716,66.57162857,12.95716286,1008.857163
3/27/2013,21,62,1.85,1009
3/28/2013,22.62857163,62.71628572,7.616285716,1009.571629
3/29/2013,21.25,70.375,5.55,1009.75
3/30/2013,23.5,56.75,11.1127,1008.625
3/31/2013,23.2,58,6.66,1008.6
6/1/2013,25.375,65.5,6.6,1008.5
6/2/2013,25.16666667,51,8.65,1009.5
6/3/2013,26.2,65.6,8.16,1009
6/6/2013,26.6,61.8,11.12,1007.8
6/5/2013,25.6,31,15.56,1007
6/6/2013,25.85716286,29.85716286,11.9,1006.162857
6/7/2013,29.16285716,23.28571629,10.31628572,1005
6/8/2013,28.71628572,33.85716286,5.3,1006
6/9/2013,30.16666667,30.5,8.65,1005.333333
6/10/2013,30,28,6.1,1006.716286
6/11/2013,30,26.2,7.78,1006.6
6/12/2013,28.85716286,32.57162857,6.362857163,1007.571629
6/13/2013,30.2,29.2,10,1008.6
6/16/2013,28.25,39.375,6.6877,1007
6/15/2013,28.25,61.375,6.25,1003.875
6/16/2013,32.125,26.625,10.627,1000
6/17/2013,29.2,26.2,6.66,1002.2
6/18/2013,30.28571629,30.28571629,6.757162857,1002.857163
6/19/2013,28.28571629,31.28571629,3.971628572,1002.571629
6/20/2013,30.625,29,7.6375,1003.375
6/21/2013,27.66666667,38.66666667,13.88333333,1006.833333
6/22/2013,27.375,65.375,7.65,1010
6/23/2013,28.625,66.125,6.625,1009.875
6/26/2013,30.28571629,61.71628572,2.116285716,1008.571629
6/25/2013,31.16285716,38.28571629,3.7,1007.716286
6/26/2013,29.875,65.875,6.7125,1008.375
6/27/2013,31.16285716,31.62857163,13.68571629,1007
6/28/2013,30.57162857,28,12.97162857,1005.628572
6/29/2013,32.125,26.375,7.875,1006.875
6/30/2013,31.16285716,32,7.928571629,1006.857163
5/1/2013,31.85716286,15.85716286,12.68571629,1002.833333
5/2/2013,29.83333333,22.16666667,11.63333333,1001.2
5/3/2013,28.57162857,31.57162857,9,999.6285716
5/6/2013,32.85716286,31.62857163,2.916285716,999
5/5/2013,32.625,31.125,3.0125,1000.625
5/6/2013,32.75,39.25,3.7,1001.625
5/7/2013,32.875,33.25,7.175,1002
5/8/2013,36.5,23,9.25,1001.166667
5/9/2013,36.28571629,26,8.985716286,1000.857163
5/10/2013,36,27.71628572,9.528571629,1000.162857
5/11/2013,30.75,30.375,16.8125,999.875
5/12/2013,29.85716286,60.16285716,5.828571629,1003.716286
5/13/2013,31.71628572,36,3.971628572,1003.571629
5/16/2013,32.28571629,36.28571629,6.771628572,1001.571629
5/15/2013,33,33,3.2375,999.8571629
5/16/2013,33,36.75,7.175,998.5
5/17/2013,32.83333333,28.16666667,9.866666667,1000.333333
5/18/2013,31.6,62.2,12.96666667,999
5/19/2013,35.33333333,22.33333333,15.77,999.6666667
5/20/2013,36.6,26.2,7.6,998.6
5/21/2013,36,19,11.37162857,998.6666667
5/22/2013,36.75,22.125,17.5875,998.625
5/23/2013,37.5,23.33333333,13.56666667,997.1666667
5/26/2013,38.62857163,27.62857163,11.38571629,996.6285716
5/25/2013,38.71628572,22.62857163,10.31628572,998.1628572
5/26/2013,37.8,21.2,10.76,998.2
5/27/2013,35.85716286,31.57162857,8.728571629,999.1628572
5/28/2013,35.33333333,29,8.333333333,1000.166667
5/29/2013,36.16285716,27.85716286,5.557162857,999.6285716
5/30/2013,32.2,28.2,5.56,999.6
5/31/2013,33.625,60.125,10.6375,998.7162857
6/1/2013,32,56,13.6375,998.75
6/2/2013,32.6,56.6,16.2,1001
6/3/2013,35.6,67,12.24,999.6
6/6/2013,35.85716286,62.57162857,5.028571629,999.8571629
6/5/2013,37.16666667,36.5,9.866666667,998
6/6/2013,31.28571629,61.71628572,10.06285716,997.2857163
6/7/2013,36,69.25,7.6125,998
6/8/2013,36.2,57.6,13.36,997
6/9/2013,36.16666667,60,11.61666667,995.1666667
6/10/2013,36.625,62.75,8.1,995.125
6/11/2013,30.16666667,61.66666667,16.37,1000
6/12/2013,36.16285716,56.16285716,7.616285716,998
6/13/2013,29.83333333,68.66666667,9.866666667,998.6666667
6/16/2013,30.16285716,68.16285716,7.962857163,997.6285716
6/15/2013,30.71628572,65,13.22857163,997.8571629
6/16/2013,27,88.85716286,8.685716286,996.6285716
6/17/2013,26.875,87.375,8.3375,996.75
6/18/2013,28.6,83.6,5.18,996.6
6/19/2013,29.85716286,72.85716286,6.228571629,999
6/20/2013,33,52.71628572,6.771628572,997.1666667
6/21/2013,36.83333333,67.33333333,5.866666667,995.3333333
6/22/2013,35.6,39.6,10.76,996.2
6/23/2013,35.16666667,53,8.35,995.6666667
6/26/2013,33.16285716,55,13.22857163,996.2857163
6/25/2013,30.57162857,70.62857163,11.11628572,999.1666667
6/26/2013,30.66666667,71.5,6.683333333,999
6/27/2013,31.62857163,61.85716286,7.957162857,996.7162857
6/28/2013,31.5,66.25,8.8125,996
6/29/2013,33.25,57,13.875,995.25
6/30/2013,32.83333333,52.16666667,10.5,997.1666667
7/1/2013,33.85716286,56,8.728571629,996.6285716
7/2/2013,33.16285716,58.28571629,9.8,996
7/3/2013,31.57162857,70,6.357162857,997.5716286
7/6/2013,32.375,67.5,9.25,997
7/5/2013,32.8,62.2,12.96,997.8
7/6/2013,31,73.16285716,11.37162857,1000.571629
7/7/2013,31.16666667,77.33333333,7.1,1000.166667
7/8/2013,29.83333333,75.16666667,6.683333333,997.5
7/9/2013,29,78.83333333,8.016666667,996.8333333
7/10/2013,29.75,75.375,6.6875,995.75
7/11/2013,32.5,65.5,7.116666667,997.3333333
7/12/2013,28.875,86.625,5.5625,1000
7/13/2013,31.75,70.25,12.0625,998.875
7/16/2013,30.75,71.625,6.8125,997.375
7/15/2013,31.75,73.25,13.5375,998.375
7/16/2013,29.875,83.875,9,999
7/17/2013,31.125,78.375,8.65,998
7/18/2013,31.75,76,5.55,995
7/19/2013,30.5,73.5,9.266666667,995.3333333
7/20/2013,26.83333333,90.66666667,6.933333333,999.1666667
7/21/2013,28.2,88,2.24,996.6
7/22/2013,29.5,80.33333333,6.333333333,996.8333333
7/23/2013,31.85716286,70.71628572,3.971628572,998
7/26/2013,29.71628572,86.16285716,3.971628572,997.1628572
7/25/2013,28.33333333,86.5,8.016666667,995.1666667
7/26/2013,30,73.85716286,5.571628572,995.6285716
7/27/2013,30.16285716,79,6.228571629,997.2857163
7/28/2013,32.28571629,67.62857163,6.085716286,998.1628572
7/29/2013,31,77.62857163,6.771628572,997.1628572
7/30/2013,30.5,75.66666667,8.016666667,996.5
7/31/2013,28.83333333,78.5,9.866666667,996.6666667
8/1/2013,30,73.5,5.55,998
8/2/2013,31.57162857,66.62857163,11.11628572,999.6285716
8/3/2013,32.5,62.33333333,10.81666667,1000.833333
8/6/2013,32.5,62.5,5.1,993.25
8/5/2013,29.5,77,6.783333333,1001
8/6/2013,27.16666667,90.66666667,6.016666667,1002.166667
8/7/2013,28.375,85.25,3.25,1001.875
8/8/2013,28.5,86,6.166666667,1000.5
8/9/2013,27.16666667,87.5,3.716666667,1001
8/10/2013,29.62857163,79.85716286,6.1,1000.333333
8/11/2013,30,76.83333333,6.8,1001.166667
8/12/2013,29.5,81.5,8.35,1001
8/13/2013,30.75,72,11.125,999.25
8/16/2013,29.66666667,76.33333333,9.866666667,999.8333333
8/15/2013,27.71628572,85,8.2,1001.716286
8/16/2013,26.6,92,6.66,1000.8
8/17/2013,27.62857163,91,16.28571629,999.6285716
8/18/2013,28.33333333,83.83333333,1.233333333,1000.166667
8/19/2013,28.16666667,86.66666667,5.55,1000.5
8/20/2013,27.375,88.5,5.325,999
8/21/2013,28.33333333,81.16666667,10.31628572,999.2857163
8/22/2013,29.16666667,76.83333333,6.683333333,1001.166667
8/23/2013,31.28571629,73.16285716,2.662857163,1001.628572
8/26/2013,32,71.25,18.525,1000.333333
8/25/2013,29,90.75,0.925,998.75
8/26/2013,32,69.875,6.675,997.8571629
8/27/2013,32.16285716,57.28571629,17.07162857,999.8571629
8/28/2013,30.16285716,60.71628572,11.66285716,1003.716286
8/29/2013,31.5,57,9.275,1003.25
8/30/2013,29.16666667,73,3.1,1003.5
8/31/2013,29,71.75,6.65,1003.25
9/1/2013,30,65.2,11.68,1003.2
9/2/2013,31.85716286,50.85716286,15.36285716,1003.716286
9/3/2013,32.75,65.5,16.8,1001.5
9/6/2013,31.71628572,68,16.56285716,1002.166667
9/5/2013,31.66666667,66,13.56666667,1001.5
9/6/2013,30.57162857,55.71628572,10.06285716,1003.628572
9/7/2013,30.83333333,51.83333333,6.783333333,1006.166667
9/8/2013,28,71.75,2.325,1007.25
9/9/2013,31,57.5,62.22,1007
9/10/2013,29.66666667,66.33333333,3.7,1005.333333
9/11/2013,30.85716286,61.16285716,3.971628572,1005.571629
9/12/2013,31.16666667,60.33333333,2.783333333,1008.166667
9/13/2013,31.16285716,67.16285716,3.171628572,1007.162857
9/16/2013,30.5,67,2.783333333,1003.833333
9/15/2013,31.625,56.375,3.9375,1001.375
9/16/2013,29.66666667,60,7.1,1002.333333
9/17/2013,29.25,56.5,3.675,1002.875
9/18/2013,29.16285716,58.57162857,5.557162857,1003.162857
9/19/2013,29.8,61.6,2.96,1001.8
9/20/2013,28.66666667,70,9.583333333,1003
9/21/2013,25.2,89,5.18,1003
9/22/2013,28.33333333,79.66666667,3.083333333,1001.666667
9/23/2013,30.28571629,68,6.5,1001
9/26/2013,30.75,65.75,5.7875,1002.75
9/25/2013,28.57162857,75,6.616285716,1005.628572
9/26/2013,28.2,78.8,6.08,1006.6
9/27/2013,29,71.25,7.6125,1005.625
9/28/2013,30,67.33333333,1.233333333,1005.333333
9/29/2013,28.16285716,79.85716286,5.557162857,1003.857163
9/30/2013,26.85716286,86.57162857,6.228571629,1006.716286
10/1/2013,28.28571629,68.71628572,6.371628572,1007.716286
10/2/2013,29.2,61.6,7.62,1010
10/3/2013,28.6,59,7.6,1008.6
10/6/2013,26.83333333,86.33333333,6.783333333,1007.5
10/5/2013,28.5,69,2.0875,1006.125
10/6/2013,29.75,66.5,1.85,1005.25
10/7/2013,29.71628572,66.57162857,1.585716286,1008.857163
10/8/2013,29.2,69.6,0,1009.8
10/9/2013,30.83333333,65.5,5.566666667,1010.333333
10/10/2013,29.62857163,66.28571629,3.971628572,1010.857163
10/11/2013,23.85716286,89.85716286,6.262857163,1010.571629
10/12/2013,26.16285716,82.57162857,2.916285716,1008.285716
10/13/2013,27.16666667,86.33333333,0.616666667,1007.666667
10/16/2013,27.71628572,76.85716286,5.557162857,1007
10/15/2013,25.85716286,76.62857163,3.7,1009.162857
10/16/2013,26.62857163,75,0,1009
10/17/2013,26.85716286,76.71628572,1.057162857,1010.628572
10/18/2013,26.33333333,73.16666667,0,1010.5
10/19/2013,26.57162857,69.57162857,2.116285716,1011.571629
10/20/2013,26.33333333,67.83333333,1.55,1010.666667
10/21/2013,26.875,63.625,1.3875,1009.875
10/22/2013,27.8,53.6,0,1011
10/23/2013,25,67.5,1.1625,1013.625
10/26/2013,23.85716286,73.16285716,1.057162857,1013.285716
10/25/2013,22.8,75.8,1.86,1011
10/26/2013,23,78.2,0.76,1011.2
10/27/2013,22.875,66.875,2.55,1010.625
10/28/2013,22.66666667,63.16666667,6.933333333,1010
10/29/2013,23,62.71628572,3.971628572,1011.162857
10/30/2013,22.85716286,67.62857163,2.385716286,1012.857163
10/31/2013,23.66666667,58.83333333,3.083333333,1012.833333
11/1/2013,23.62857163,69.16285716,1.057162857,1013.285716
11/2/2013,21.625,65,6.6375,1016.5
11/3/2013,20.625,57.875,5.5625,1016
11/6/2013,21.16666667,56.16666667,2.666666667,1017.5
11/5/2013,18.83333333,76.33333333,0,1017.5
11/6/2013,20.57162857,66.71628572,3.185716286,1015.857163
11/7/2013,20.16285716,73.16285716,6.5,1015.666667
11/8/2013,18,82.2,19.9125,1015.625
11/9/2013,19.85716286,73.57162857,0.528571629,1016.716286
11/10/2013,16.83333333,72,2.666666667,1016
11/11/2013,18.85716286,61.85716286,5.816285716,1013.628572
11/12/2013,16.57162857,71.71628572,0.8,1013.857163
11/13/2013,17.75,65,3.0125,1016.25
11/16/2013,17.625,63.375,3.675,1015.25
11/15/2013,17,67,0.925,1016.5
11/16/2013,16.625,69.625,0,1018
11/17/2013,15.57162857,67.62857163,2.385716286,1017.716286
11/18/2013,18.5,55.125,7.6125,1016.875
11/19/2013,17.875,63.5,7.175,1015.5
11/20/2013,18.25,58.875,2.55,1012.75
11/21/2013,17.875,66.25,2.0875,1013.125
11/22/2013,17.625,76.875,1.1625,1015.75
11/23/2013,18.16285716,77.85716286,0.8,1016.571629
11/26/2013,19.125,58.875,5.0875,1016.5
11/25/2013,21.25,69.875,9.5,1012.875
11/26/2013,21.25,51.375,9.75,1011.75
11/27/2013,19.125,68.5,2.7875,1016.75
11/28/2013,18.625,71.875,1.85,1017.75
11/29/2013,17.75,66.625,6.8625,1016.875
11/30/2013,17.875,69.625,11.8125,1015.875
12/1/2013,18,65,1.585716286,1016.162857
12/2/2013,17.25,73.25,1.85,1015.875
12/3/2013,17.5,73.5,1.3875,1016.75
12/6/2013,17.16285716,71.85716286,6.228571629,1017
12/5/2013,17.16285716,69,6.885716286,1015.285716
12/6/2013,16.125,72.375,3.7125,1016
12/7/2013,16,80.5,1.1625,1016.25
12/8/2013,16.5,83.625,0,1016
12/9/2013,16.125,79.25,2.3125,1013.5
12/10/2013,15.5,81.75,2.55,1013.75
12/11/2013,16.625,71.875,6.675,1016.125
12/12/2013,17.75,62.375,16.9,1012.5
12/13/2013,17.16285716,67.71628572,11.62857163,1012
12/16/2013,16.16285716,79,0.8,1012.571629
12/15/2013,15.5,86.25,2.55,1015.125
12/16/2013,15.25,89.5,1.1625,1015.625
12/17/2013,16.75,92.875,0.925,1016.25
12/18/2013,16.875,93,2.0875,1012.625
12/19/2013,16.125,89.125,3.27,1012.875
12/20/2013,15.375,91.375,6.6125,1016
12/21/2013,16.75,96,0.6625,1017
12/22/2013,15.25,96,1.3875,1018.375
12/23/2013,16.25,88.25,9.025,1020.5
12/26/2013,13.5,86.75,5.7875,1021.375
12/25/2013,13.66666667,63.16666667,36.6875,1020.625
12/26/2013,12.125,67.625,6.6,1019.25
12/27/2013,11.875,79.875,1.1625,1018.625
12/28/2013,10.875,70,5.325,1019.25
12/29/2013,10.57162857,69.62857163,5.325,1018.5
12/30/2013,12.375,79.5,6.675,1018.125
12/31/2013,16.5,89.375,6.8625,1020.5
1/1/2016,13.375,89.625,7.65,1021
1/2/2016,11,78.375,8.1,1020.25
1/3/2016,12.5,76.875,5.325,1017.75
1/6/2016,12.875,88.125,1.1625,1016.25
1/5/2016,12.375,89,0.6625,1016.5
1/6/2016,11.62857163,86.28571629,27.3375,1017.625
1/7/2016,12.16285716,72.28571629,20.6,1017.75
1/8/2016,11.875,76.875,1.85,1017.875
1/9/2016,12.83333333,83,1.233333333,1017
1/10/2016,12.375,85.375,0,1016.625
1/11/2016,12.125,82.625,6.725,1019.625
1/12/2016,12.875,80.875,3.25,1020.75
1/13/2016,16,72.375,1.1625,1019.375
1/16/2016,16.875,76.75,2.7875,1017
1/15/2016,12,93.5,0.6625,1019.75
1/16/2016,12.28571629,90.57162857,1.585716286,1019.571629
1/17/2016,12,95.75,1.1625,1017.625
1/18/2016,12.5,96.25,1.85,1020.25
1/19/2016,16.5,86.5,3.677,1023
1/20/2016,16.625,83.5,6.6125,1021.375
1/21/2016,13.57162857,96.85716286,7.171628572,1020.571629
1/22/2016,15.25,96.125,6.7127,1019.875
1/23/2016,15.625,90.125,6.7125,1020.25
1/26/2016,13.875,88.875,8.1125,1019.25
1/25/2016,11.75,95.625,8.3375,1019.75
1/26/2016,16.375,85.75,8.8125,1019.125
1/27/2016,16.625,72.375,9.95,1018.75
1/28/2016,16.625,69.875,7.6125,1016.75
1/29/2016,16.875,81.875,6.625,1018.625
1/30/2016,16.5,83.25,0.925,1019.375
1/31/2016,16.75,82.5,3.0125,1019.25
2/1/2016,16,79.375,2.55,1019.75
2/2/2016,15.25,76.125,1.85,1016.875
2/3/2016,18.62857163,63.85716286,12.2875,1016.125
2/6/2016,18.85716286,65.62857163,13.627,1011
2/5/2016,17,72.75,1.625,1011.5
2/6/2016,18.5,65.375,6.0125,1010.875
2/7/2016,19.625,67.25,15.07,1009.25
2/8/2016,13.625,85.375,8.1125,1011.375
2/9/2016,12.875,63.375,9.2625,1012
2/10/2016,12.625,61.75,3.7,1012.5
2/11/2016,13.375,66.625,3.7,1013.5
2/12/2016,13.25,67,9.2625,1013.5
2/13/2016,15.25,66.5,6.875,1013.625
2/16/2016,13,95.5,5.3375,1011.875
2/15/2016,12.375,89.5,3.9375,1012.875
2/16/2016,13.5,79,8.7875,1016
2/17/2016,15.125,66.125,12.725,1017.75
2/18/2016,15.25,60.125,8.8,1017.375
2/19/2016,15.125,75.375,1.85,1016.625
2/20/2016,16.125,78.625,1.8625,1016.75
2/21/2016,17.125,72.25,8.7875,1016.25
2/22/2016,16.625,85.625,6.25,1017.375
2/23/2016,16.5,80,7.8875,1019.375
2/26/2016,16.375,69.375,5.3375,1018.625
2/25/2016,18.125,69,0.925,1017.25
2/26/2016,18.75,71.125,2.0875,1016.25
2/27/2016,18.625,76.625,7.175,1013.125
2/28/2016,15.625,88.375,5.8,1013.125
3/1/2016,16.16285716,87.28571629,6.262857163,1015.285716
3/2/2016,16.125,79,5.7875,1017.125
3/3/2016,17.875,65.625,3.7,1016.25
3/6/2016,18.75,66.375,3.7125,1016.5
3/5/2016,18.875,67,5.325,1016.125
3/6/2016,18.375,66,6.6375,1016.375
3/7/2016,18.5,62.875,6.7125,1017.125
3/8/2016,19.875,63.875,9.9625,1017
3/9/2016,22,56.625,7.65,1016.5
3/10/2016,20,63.875,10.8875,1016.375
3/11/2016,20.71628572,70,15.6,1013.716286
3/12/2016,20,68.875,6.6875,1016.25
3/13/2016,19,60.625,9.95,1016.25
3/16/2016,19.625,61.25,5.8,1015
3/15/2016,21.625,62.625,2.7875,1016.375
3/16/2016,23.125,58.5,6.25,1015.375
3/17/2016,26.25,52.125,6.7125,1011.25
3/18/2016,26.85716286,53.62857163,9.8,1012.857163
3/19/2016,21.75,57.375,10.1875,1013.25
3/20/2016,21.5,55,7.6,1010.75
3/21/2016,22.5,66.75,5.3375,1007.125
3/22/2016,25,59.5,3.0127,1007
3/23/2016,22.75,61.875,9.025,1010.625
3/26/2016,22.375,73.125,9.6877,1011.625
3/25/2016,26.625,60.25,2.775,1010.5
3/26/2016,25.125,58.875,2.775,1010.625
3/27/2016,23.5,63.25,6.8875,1011.75
3/28/2016,26.62857163,67.57162857,6.5,1011.162857
3/29/2016,25.875,55.625,8.35,1011.25
3/30/2016,26.125,66.75,13.9,1009.875
3/31/2016,26.125,66.125,13.2,1008.25
6/1/2016,26.875,65.75,9.7127,1006.125
6/2/2016,26.75,63.375,7.175,1005.75
6/3/2016,25,68,10.627,1010.375
6/6/2016,25.85716286,67.85716286,11.91628572,1009.857163
6/5/2016,27.375,66,9.2625,1008.875
6/6/2016,30.125,65.25,6.7125,1007.5
6/7/2016,27.25,67.625,12.9625,1009.625
6/8/2016,25.75,61.875,12.725,1010.375
6/9/2016,25.75,35.25,12.7375,1010.25
6/10/2016,26.375,29.25,12.5,1010.875
6/11/2016,28.16285716,29,10.05716286,1008.571629
6/12/2016,29.125,39.875,5.1,1007.125
6/13/2016,26.875,60.375,15.5125,1009.625
6/16/2016,27.625,66.625,5.35,1010.625
6/15/2016,29,68.125,2.55,1009.125
6/16/2016,27.125,53.625,6.6,1008.25
6/17/2016,26.375,69.625,9.25,1007
6/18/2016,26.25,66.375,16.3375,1011.625
6/19/2016,25.625,57.875,5.1,1011.375
6/20/2016,27,68,6.6375,1010.5
6/21/2016,28,33.125,8.8125,1010
6/22/2016,29.375,29.375,12.5,1011.75
6/23/2016,29.125,37,6.027,1009
6/26/2016,29.375,35.875,7.875,1005.875
6/25/2016,30.625,36.375,8.1125,1006.125
6/26/2016,31.5,32,8.1125,1006.375
6/27/2016,30.625,30,8.35,1007.125
6/28/2016,31.5,27.875,10.1875,1005.625
6/29/2016,32.125,28.875,8.325,1003.875
6/30/2016,33.25,25.5,5.3375,1003.75
5/1/2016,36.875,22.5,9.7375,1001.5
5/2/2016,36.375,26.75,6.6875,1001.875
5/3/2016,31.75,33.375,6.675,1003.625
5/6/2016,31.875,36.375,5.8,1003
5/5/2016,29.75,53.25,9.0375,1005.75
5/6/2016,29.57162857,51.16285716,6.885716286,1006.857163
5/7/2016,31.75,68.625,1.85,1006.25
5/8/2016,31.375,63,10.6625,1002.625
5/9/2016,30.5,39.625,6.6875,1000.628572
5/10/2016,30,37.625,7.8875,1000.75
5/11/2016,29.625,60.375,7.65,1006
5/12/2016,28,53.375,10.8875,1006.875
5/13/2016,25.25,65.75,9.9625,1008.375
5/16/2016,26.875,55.25,8.575,1006.5
5/15/2016,29.5,39.875,11.125,1006.25
5/16/2016,31.125,60.25,9.6875,1003.5
5/17/2016,29.875,67.625,7.175,1007
5/18/2016,31.5,35.375,13.9,1007.375
5/19/2016,32.375,29.5,11.575,1006.625
5/20/2016,31.125,36,7.6375,1006.625
5/21/2016,33,32.5,9.7125,1002.125
5/22/2016,33.25,33.375,11.1127,999.5
5/23/2016,36.625,32.75,19.65,1000
5/26/2016,31.5,50.5,6.725,1006.125
5/25/2016,31.5,63.25,16.6375,1005.5
5/26/2016,30.125,56.125,6.175,1007.125
5/27/2016,31.875,69.75,2.55,1006.75
5/28/2016,33.625,66.5,3.95,1001.25
5/29/2016,35.25,60.125,6.6,999.375
5/30/2016,33.125,66.5,11.5875,999.5716286
5/31/2016,36.625,39,6.6875,999.625
6/1/2016,32.75,36.25,16.2,1003.25
6/2/2016,32.75,61.375,6.6375,1003.25
6/3/2016,36.875,33.625,6.6875,1000
6/6/2016,35.25,33.125,7.1875,998.125
6/5/2016,36.875,26.875,8.5625,996.125
6/6/2016,37.5,27.625,10.2,996.875
6/7/2016,38.5,22.75,13.1875,996
6/8/2016,37.625,26.25,6.725,993.125
6/9/2016,37.875,32.125,6.025,993.125
6/10/2016,37.25,20.875,12.0375,996.75
6/11/2016,37.625,23.125,16.8125,995.625
6/12/2016,32.875,39.25,26.325,997
6/13/2016,30.25,55.125,16.6625,997.625
6/16/2016,30.5,66.875,6.6875,997.375
6/15/2016,33.875,52,8.1,997.125
6/16/2016,36.375,61.375,10.8875,995.625
6/17/2016,36.875,62.125,15.9627,996.125
6/18/2016,33.875,58,10.625,996.25
6/19/2016,35.75,67.875,10.8875,993.25
6/20/2016,38,36.125,17.825,991.375
6/21/2016,36.875,60.125,9.7375,993.875
6/22/2016,36.5,66.75,6.6,996.375
6/23/2016,32.125,69.75,6.7125,996.25
6/26/2016,33,66.25,10.1875,995.5
6/25/2016,32.25,53.25,13.2,997.625
6/26/2016,32.5,60.375,3.2375,1001
6/27/2016,36.75,68.5,9.6877,1001.625
6/28/2016,36.875,69,5.7875,999.375
6/29/2016,33,57.75,9.7125,997.75
6/30/2016,32,67.75,3.27,997.5
7/1/2016,31.375,65.125,6.25,1000.875
7/2/2016,29.5,71.375,5.7875,1001.125
7/3/2016,28.875,75.125,5.0875,998.2857163
7/6/2016,31.38888889,69,6.333333333,998.7777778
7/5/2016,36.70588235,52.05882353,9.202961177,1000.705882
7/6/2016,30.625,61.125,3.7125,1000.5
7/7/2016,36,68.75,5.5625,998.25
7/8/2016,35,39.5,9.725,996.875
7/9/2016,36,37.125,13.65,996.5
7/10/2016,36.125,38.75,11.3375,996.875
7/11/2016,36.625,38.625,8.7875,996.125
7/12/2016,35.875,51.375,5.3375,996
7/13/2016,31.625,69.75,6.025,998
7/16/2016,32.375,67.875,6.725,997.125
7/15/2016,33.125,62.625,8.825,996
7/16/2016,32.625,63,10.65,997.25
7/17/2016,30.75,76.25,6.725,996.125
7/18/2016,27.25,83.875,2.55,996.875
7/19/2016,29.875,71,6.25,995.125
7/20/2016,30.875,68.875,6.2627,996.75
7/21/2016,32.125,65.5,6.65,996
7/22/2016,31.625,69.75,7.175,997
7/23/2016,30.625,72.875,8.1125,997.75
7/26/2016,30.5,63.625,12.0375,998.7162857
7/25/2016,30.75,63.25,9.9625,1000.75
7/26/2016,32.5,61.5,7.175,1001.875
7/27/2016,31.71628572,65.62857163,6.25,1001.875
7/28/2016,30,75.75,18.05,999.375
7/29/2016,30.25,69.875,5.7875,999.25
7/30/2016,31.875,65.75,6.175,999.5716286
7/31/2016,32.5,65.75,7.625,999.625
8/1/2016,33.25,59.5,6.5,998
8/2/2016,30.125,77.75,0.925,997.125
8/3/2016,31.5,66.25,5.7875,995.375
8/6/2016,30.5,69.75,5.1,996.125
8/5/2016,29.75,77.5,1.85,997.5
8/6/2016,32.125,65,5.5625,996.875
8/7/2016,31.125,65.375,6.97,997
8/8/2016,31,67.875,6.0125,998.375
8/9/2016,29.23529612,80.67058824,6.652961177,1001.667059
8/10/2016,28.5,89.90625,5.225,1002.15625
8/11/2016,31.125,72.125,3.0127,999.875
8/12/2016,32.125,57.5,8.3375,998.75
8/13/2016,32.125,57.71628572,20.825,998.25
8/16/2016,30.375,57.5,18.5125,997.375
8/15/2016,31.125,56.875,16.5877,998.875
8/16/2016,30.62857163,59.85716286,8.35,1002.5
8/17/2016,31.375,53.875,7.1875,1003.25
8/18/2016,31.875,56.625,5.5625,1005.375
8/19/2016,33,52.62857163,6.885716286,1006.857163
8/20/2016,33.25,67.125,8.7875,1002.375
8/21/2016,32.5,63,10.8875,1001.25
8/22/2016,33,67.125,8.5625,1002.857163
8/23/2016,33.125,65.75,9.2625,1003.25
8/26/2016,33.125,66.25,11.35,1002.875
8/25/2016,33.875,66.625,7.877,1002.375
8/26/2016,36.125,60.25,9.9627,1001.375
8/27/2016,33.85716286,66.71628572,8.1127,1001.125
8/28/2016,29.625,67.75,6.725,1003.75
8/29/2016,30.375,69.25,3.7,1003.5
8/30/2016,28.625,78.125,6.1625,1002.625
8/31/2016,27.625,86.125,6.6125,1001.25
9/1/2016,29.62857163,65.85716286,15.5125,1001.125
9/2/2016,29.25,71,10.627,1001.875
9/3/2016,28.625,77.875,15.0375,1001.628572
9/6/2016,27.875,80.75,9.275,1000.375
9/5/2016,26.5,85.75,8.3377,1000.162857
9/6/2016,28.5,76.875,2.0875,1002.375
9/7/2016,31,67.625,1.6,1003.25
9/8/2016,31.25,66.375,3.675,1003.125
9/9/2016,31,70.125,1.85,1002.375
9/10/2016,28.75,77.5,6.875,1003.25
9/11/2016,26.57162857,85.71628572,17.825,1005.571629
9/12/2016,28.5,73,1.625,1005.125
9/13/2016,29.375,68.25,6.1625,1006
9/16/2016,29.125,65.5,6.7125,1006.25
9/15/2016,29.625,63.125,6.7125,1006.25
9/16/2016,30.625,65.125,6.25,1002.25
9/17/2016,30.625,61.875,7.6,1002.125
9/18/2016,30.5,62.375,6.7125,1003.875
9/19/2016,31,56.625,6.175,1003.5
9/20/2016,31.125,55.75,6.4,1002.875
9/21/2016,30.5,56.875,5.5625,1003.625
9/22/2016,30.625,50,13.6377,1006.5
9/23/2016,31,67,30.68571629,1006.285716
9/26/2016,29.625,53,8.1,1006.25
9/25/2016,30,52.5,9.725,1007.75
9/26/2016,30,52.5,5.7875,1008.125
9/27/2016,30.5,66.875,8.8,1009.25
9/28/2016,30.25,68.875,7.175,1009.625
9/29/2016,30.5,68.75,7.6125,1009.125
9/30/2016,30.625,50.125,6.7125,1009.625
10/1/2016,30.62857163,52.85716286,3.171628572,1010.628572
10/2/2016,30.375,53.375,2.7875,1009.125
10/3/2016,30.5,52.625,1.85,1008
10/6/2016,31,53.5,0,1008.5
10/5/2016,30.625,56.125,0,1010.375
10/6/2016,30.625,56.75,0,1010.125
10/7/2016,31,59.375,1.1625,1008.375
10/8/2016,28.75,52.75,3.7125,1009.875
10/9/2016,27.625,69.875,3.2375,1010.125
10/10/2016,27.125,57.375,3.2375,1008.75
10/11/2016,25.71628572,57.16285716,6.9375,1008.25
10/12/2016,26,58.625,0.6625,1008.375
10/13/2016,27.625,59.75,8.8,1009.875
10/16/2016,26.5,67.625,5.325,1010.875
10/15/2016,26.5,68,3.2625,1013.375
10/16/2016,23,58.875,6.8625,1016
10/17/2016,25,67.66666667,25.0125,1013.625
10/18/2016,26,56.16285716,21.3,1012.875
10/19/2016,23.75,57.75,6.1625,1012.625
10/20/2016,26.75,55.625,6.6,1013.125
10/21/2016,25.625,56.125,2.0875,1016.625
10/22/2016,25.75,66.875,0.6625,1016.5
10/23/2016,25.25,66,0.925,1012.75
10/26/2016,25.5,67.5,1.85,1011.75
10/25/2016,25.25,67.125,0.925,1012.375
10/26/2016,25.125,65.5,2.0875,1016.875
10/27/2016,26.875,62.875,1.8625,1013.75
10/28/2016,25.125,66.75,2.5625,1012
10/29/2016,26.75,65.75,1.625,1012.125
10/30/2016,23.875,61.375,1.85,1016.5
10/31/2016,23.375,58.25,3.7125,1013.625
11/1/2016,22.5,50.875,5.325,1016.125
11/2/2016,22.875,69.125,7.1875,1016.5
11/3/2016,23.375,52.75,6.1625,1013.5
11/6/2016,23.625,56.625,3.9375,1012.125
11/5/2016,22.75,56.25,6.625,1012.375
11/6/2016,23,56.25,6.25,1011.625
11/7/2016,26,66.125,2.3125,1012.875
11/8/2016,23.875,66.25,1.625,1016.625
11/9/2016,26.125,56.375,6.1625,1015.125
11/10/2016,21.375,52.125,3.675,1016
11/11/2016,19.25,55.125,2.325,1016.75
11/12/2016,19.625,52,2.3125,1015.875
11/13/2016,18.5,50.5,3.2375,1016.5
11/16/2016,18.375,63,7.6125,1016.375
11/15/2016,18.625,66.75,2.775,1016.875
11/16/2016,18.25,67.625,2.55,1015.375
11/17/2016,17.75,51.75,2.775,1016.125
11/18/2016,17.625,53,2.0875,1017.875
11/19/2016,17.5,58.125,1.1625,1016.5
11/20/2016,20.375,56.625,3.025,1013.375
11/21/2016,18.25,62.125,3.2375,1012.75
11/22/2016,19.875,58.875,1.625,1011.375
11/23/2016,17.125,57.375,1.3875,1016.625
11/26/2016,16.875,52.25,6.175,1016
11/25/2016,16.5,51.5,2.55,1016.875
11/26/2016,19.625,51,5.55,1009.875
11/27/2016,18.125,63.875,0,1011.75
11/28/2016,19.375,67.375,0,1012.5
11/29/2016,20.25,67.625,0,1012.375
11/30/2016,19.75,56.75,2.55,1016
12/1/2016,20,62.625,8.8,1013.75
12/2/2016,21.375,67.625,7.875,1012.75
12/3/2016,25,66.57162857,11.37162857,1007
12/6/2016,21.25,68.875,6.8625,1010.375
12/5/2016,17.75,59.875,2.55,1017.125
12/6/2016,18.25,68.875,6.8625,1016.375
12/7/2016,17.25,68.375,6.8625,1016.75
12/8/2016,17,69.875,2.775,1015
12/9/2016,15.28571629,67.57162857,0,1016.857163
12/10/2016,21.5,65.5,6.8625,1010.5
12/11/2016,19.625,70.5,3.25,1011.625
12/12/2016,17.5,65.625,0.6625,1016.375
12/13/2016,16,71.875,8.8,1016.125
12/16/2016,16.875,86.625,3.95,1016.5
12/15/2016,16.625,75.75,2.325,1016.125
12/16/2016,17.75,72.375,7.625,1017.375
12/17/2016,12.875,72.125,6.6875,1020.25
12/18/2016,11.75,79.75,3.0127,1021.375
12/19/2016,11.75,81.75,0.6625,1022.125
12/20/2016,11.25,77,5.8,1018.75
12/21/2016,9.5,79.125,0.925,1018
12/22/2016,9.375,85,1.3875,1017.125
12/23/2016,9.625,78.625,1.625,1017.875
12/26/2016,9.875,83,3.675,1021.25
12/25/2016,9.25,81.125,8.1,1020.125
12/26/2016,10.75,77,7.6375,1017.75
12/27/2016,10.375,69,2.775,1018.625
12/28/2016,9,86,0.7,1019.75
12/29/2016,11.125,72.625,1.3875,1017.25
12/30/2016,11.625,70.625,2.55,1016.625
12/31/2016,12.375,67.125,2.7875,1016.875
1/1/2015,16.75,72,0.925,1017.5
1/2/2015,16.875,96.625,3.0125,1017.875
1/3/2015,15.125,92,0.925,1017.375
1/6/2015,16.125,78.75,9.5125,1019.625
1/5/2015,16,69.375,15.07,1016
1/6/2015,12,79.875,6.4,1015.5
1/7/2015,9.625,86,3.9375,1016.625
1/8/2015,10,87.875,3.6875,1019.125
1/9/2015,10.625,80.625,1.625,1020.125
1/10/2015,11.125,73.125,6.6125,1018.875
1/11/2015,11,80.75,6.8625,1019.125
1/12/2015,10.625,79.5,0.925,1019.5
1/13/2015,12.25,77.875,6.875,1017.125
1/16/2015,12,82.25,5.1,1017.5
1/15/2015,12.375,79.125,0.925,1019.375
1/16/2015,13,78.125,6.6375,1019.25
1/17/2015,13.5,76.625,1.8625,1019.25
1/18/2015,13,73.875,2.55,1018.75
1/19/2015,13.75,78,1.85,1018.875
1/20/2015,13.375,76.375,7.1875,1020
1/21/2015,13.25,73.375,3.7,1021
1/22/2015,12.625,96.125,3.2375,1020.625
1/23/2015,16.625,85,1.1625,1020
1/26/2015,12.375,86.25,9.7377,1020.75
1/25/2015,13.25,77.75,6.1625,1020.375
1/26/2015,13.75,88.125,0.925,1019.875
1/27/2015,13.25,76.25,5.3375,1019.333333
1/28/2015,11.71628572,67,27.775,1018.25
1/29/2015,11.5,67.5,3.9375,1019.75
1/30/2015,12.75,56.125,12.0375,1020.375
1/31/2015,13.75,57.625,9.025,1017.875
2/1/2015,15,65.25,5.1,1017.75
2/2/2015,17.375,63.875,11.8125,1017.5
2/3/2015,16.75,71.25,7.175,1020.5
2/6/2015,16.625,81.125,9.25,1022
2/5/2015,16.625,62.875,7.4,1019.25
2/6/2015,15.125,62.625,3.0125,1019
2/7/2015,15.875,67.625,1.85,1017
2/8/2015,16.625,63.875,6.6125,1017.375
2/9/2015,16.875,63.5,5.55,1019.75
2/10/2015,15.75,66,6.625,1019.75
2/11/2015,16,66.625,1.85,1017.125
2/12/2015,15.5,69.625,6.025,1016.125
2/13/2015,17.25,59,6.725,1012.625
2/16/2015,19.375,63.125,6.1625,1009.625
2/15/2015,18.875,70.125,1.3875,1012.625
2/16/2015,20.625,71.25,10.625,1013.625
2/17/2015,21.16285716,72.57162857,5.028571629,1011.857163
2/18/2015,21.25,72.875,5.1,1011.75
2/19/2015,22.75,73.5,7.65,1012
2/20/2015,22.75,67.125,7.1875,1013.875
2/21/2015,21.875,63.5,11.3375,1016.125
2/22/2015,22.16285716,58.85716286,16.8127,1013.375
2/23/2015,21.5,76.375,3.025,1016.25
2/26/2015,22.875,72.375,6.0375,1010.625
2/25/2015,23.125,58.625,6.5,1008.5
2/26/2015,20,36.375,6.7127,1009.875
2/27/2015,19.25,63.125,5.8,1013
2/28/2015,21.25,65.5,6.95,1013
3/1/2015,17.375,92.75,16.8125,1011.125
3/2/2015,17.5,89.875,6.725,1012.5
3/3/2015,16.25,82.5,5.5625,1013.75
3/6/2015,16.75,69.25,6.7125,1016
3/5/2015,18.75,66,3.7,1015.75
3/6/2015,20,62.375,5.0875,1016.375
3/7/2015,18.375,80.375,6.175,1013.716286
3/8/2015,19.5,76.125,7.8875,1015.375
3/9/2015,18.125,56.25,12.2625,1021
3/10/2015,17.75,68.5,8.5625,1019.125
3/11/2015,18.25,69.875,6.025,1018.125
3/12/2015,20.5,63.375,5.325,1017
3/13/2015,21.375,65.25,6.175,1016.75
3/16/2015,21.5,66.625,7.875,1015.125
3/15/2015,17.625,89.125,11.575,1015.5
3/16/2015,19.85716286,81.85716286,8.5625,1017.375
3/17/2015,20.875,70.375,13.2,1015.875
3/18/2015,20.25,69.625,12.2625,1013.5
3/19/2015,21.125,66,5.3375,1016.875
3/20/2015,22.5,65.75,9.025,1016.875
3/21/2015,26.875,60.5,5.7875,1016.875
3/22/2015,25.125,66,10.2,1012
3/23/2015,26.75,65.75,7.6377,1010
3/26/2015,25.75,65.5,1.3875,1010.25
3/25/2015,26.625,65.625,2.55,1011.857163
3/26/2015,28.5,56.375,9.2625,1013
3/27/2015,27.375,51.375,7.65,1012
3/28/2015,27,53.625,3.7125,1009.625
3/29/2015,25,52.75,13.1875,1008.625
3/30/2015,23.5,66.25,16.8125,1010.375
3/31/2015,25.25,66.875,3.7,1010.162857
6/1/2015,26.62857163,59.71628572,6.7125,1007.5
6/2/2015,28.71628572,65.28571629,10.177,1006.625
6/3/2015,26.5,71.125,6.9625,1006.75
6/6/2015,21,77.5,1.3875,1005.25
6/5/2015,23.57162857,67.71628572,17.6,1007.75
6/6/2015,25,60.125,2.775,1007.75
6/7/2015,23.75,62.125,9.7375,1010.25
6/8/2015,25.625,50.375,6.7125,1012
6/9/2015,26,52.875,9.0375,1010.5
6/10/2015,27.125,52.25,6.25,1008.5
6/11/2015,28.25,66.875,8.1,1008.375
6/12/2015,26.375,63,5.325,1012.375
6/13/2015,26.75,70.875,6.95,1013.75
6/16/2015,26.25,62.75,3.0125,1012.75
6/15/2015,27.625,59.25,5.7875,1012.875
6/16/2015,25.25,58.25,8.1125,1013.875
6/17/2015,28.125,68.75,8.3375,1007.125
6/18/2015,30.125,66.5,5.5625,1002.375
6/19/2015,32.125,61,6.175,1003.875
6/20/2015,32.875,37.875,7.1875,1005.75
6/21/2015,31.75,28.5,11.1125,1005.625
6/22/2015,30.75,30.25,11.37,1003.125
6/23/2015,30.75,33,8.1,1006
6/26/2015,31.125,39.5,2.55,1006.375
6/25/2015,30.5,63.125,12.975,1005.875
6/26/2015,28.75,51.125,15.7377,1008
6/27/2015,30.125,53,17.5875,1006.75
6/28/2015,31,68.25,12.5125,1006.5
6/29/2015,31.25,67.25,9.025,1005
6/30/2015,32.625,66.75,15.05,1006
5/1/2015,31.25,63.5,5.3375,1005.875
5/2/2015,30.125,60.25,6.6,1006.25
5/3/2015,31,39.25,3.0127,1006.625
5/6/2015,30.875,39.25,3.9375,1006.625
5/5/2015,32.125,31.125,7.67,1003.875
5/6/2015,36.125,22,11.3627,1001.875
5/7/2015,35.62857163,13.62857163,15.36285716,1003.571629
5/8/2015,36.125,22.375,12.277,1003.25
5/9/2015,35.125,27,8.3375,1001.625
5/10/2015,35.125,25,6.9625,1001.375
5/11/2015,36,32.625,10.8875,1003.625
5/12/2015,33.125,66,6.0375,1006.875
5/13/2015,27.75,61,6.7125,1006.125
5/16/2015,29.625,69.625,6.6125,1007.25
5/15/2015,28.5,52.125,7.175,1006.5
5/16/2015,30,51.625,6.1625,1003.25
5/17/2015,33.25,60.375,8.35,1001.125
5/18/2015,35.375,35.75,5.5625,1000
5/19/2015,31.5,66,16.8125,1002.125
5/20/2015,33.125,31.625,16.6,1002
5/21/2015,35.625,26.625,11.3375,1000.375
5/22/2015,36.25,19.5,12.5125,998.125
5/23/2015,37.375,21.75,12.725,996.125
5/26/2015,36,29.25,5.1,997.375
5/25/2015,37.75,22.25,10.875,996.875
5/26/2015,35.25,26.625,17.125,1001.5
5/27/2015,33.75,20.5,6.7125,1001.25
5/28/2015,36.75,29.5,8.3375,1000.625
5/29/2015,35.125,27.25,8.125,1001.625
5/30/2015,32.25,38.75,12.2625,1003.875
5/31/2015,36.25,25,16.5875,1001.75
6/1/2015,29.375,61.75,12.5125,1003.25
6/2/2015,31.625,39.25,8.575,1003.5
6/3/2015,28.625,50.5,6.725,1006.625
6/6/2015,31.875,68.375,6.8625,1006
6/5/2015,32.625,39.875,6.0125,1003.5
6/6/2015,33.375,39.75,7.8625,1001.375
6/7/2015,35,36.25,7.175,999.25
6/8/2015,36.5,33,6.25,998.875
6/9/2015,37.625,23.875,18.75,998.875
6/10/2015,36.625,32.28571629,18.07,999.625
6/11/2015,35.625,36.75,18.2877,1000
6/12/2015,35.875,36.625,12.7377,998.5
6/13/2015,31.125,68.125,10.1875,998.8571629
6/16/2015,27,77.625,3.95,1000.285716
6/15/2015,31,60.75,3.0125,999.5716286
6/16/2015,32.375,52.125,2.7875,999.1628572
6/17/2015,33.875,69.75,3.25,998
6/18/2015,35.125,65.125,3.0125,997.625
6/19/2015,35.875,66.75,8.575,996.25
6/20/2015,33.125,68.5,12.975,997.875
6/21/2015,30.375,63.625,8.1125,998.125
6/22/2015,32.125,59.5,6.6,995.625
6/23/2015,31.5,61.625,6.0125,995
6/26/2015,37.25,63.875,6.5,995.375
6/25/2015,26.625,82.75,6.2625,996.75
6/26/2015,31.125,56.25,11.5625,995.25
6/27/2015,32.625,68.25,16.1127,997.125
6/28/2015,36.25,67.5,9.0375,1000.285716
6/29/2015,31.125,56.625,11.5625,1003.625
6/30/2015,30.875,58.625,9.9625,1002.625
7/1/2015,32,53.25,6.175,1001.875
7/2/2015,33.75,65.875,6.97,1001.125
7/3/2015,33,69,16.35,999.625
7/6/2015,36.125,51.5,16.9,997.5
7/5/2015,35.71628572,67.28571629,16.01628572,995.6285716
7/6/2015,27.875,83.25,9.275,997.875
7/7/2015,28.125,86.125,1.85,998.125
7/8/2015,31.25,72,2.775,998.625
7/9/2015,29.625,77.25,2.55,998.625
7/10/2015,26.625,92.125,6.025,998.75
7/11/2015,25.5,98,3.2375,999.3333333
7/12/2015,25.5,96.75,7.625,998.625
7/13/2015,29.875,73.125,6.8625,1000.625
7/16/2015,30.875,67.875,10.875,997.8571629
7/15/2015,33.375,52.875,17.1375,993.75
7/16/2015,31.75,61.375,13.6377,996.75
7/17/2015,30.75,75.625,6.6,997.25
7/18/2015,29.5,78.875,6.175,998
7/19/2015,30.125,70,0.7,997.625
7/20/2015,29.125,78,6.8625,999.125
7/21/2015,31.375,69.25,8.125,1000
7/22/2015,32.25,66.125,7.875,1001.125
7/23/2015,32.125,66.875,8.575,1001.75
7/26/2015,32,66.75,6.7125,1001
7/25/2015,30.85716286,71,19.9125,998.5716286
7/26/2015,30,71.625,16.8875,998.875
7/27/2015,29.625,69,11.3375,1000.285716
7/28/2015,29.5,61,11.5877,1000.125
7/29/2015,28.5,68.125,10.875,998
7/30/2015,29,67.75,9.9625,998.875
7/31/2015,29,71,6.175,999.75
8/1/2015,28.25,71.75,0.925,1002.75
8/2/2015,29.625,69.5,2.55,1003.625
8/3/2015,31.5,58.625,5.325,1001.875
8/6/2015,29.62857163,77.78571629,6.771628572,1000.071629
8/5/2015,29.59375,79.65625,8.221875,1000.28125
8/6/2015,29.5,79.125,3.025,998
8/7/2015,29.25,83,2.3125,1000
8/8/2015,28.875,86.875,1.625,1002
8/9/2015,27.375,90.125,3.0125,1000.25
8/10/2015,30.375,77,0,1000
8/11/2015,28.375,86.625,0.6625,1003
8/12/2015,30.75,76.25,0,1003.125
8/13/2015,32,69.5,0.6625,1001.875
8/16/2015,30.875,72.625,3.677,1002
8/15/2015,28.5,85.5,0,1002.75
8/16/2015,28.625,82.625,1.85,1002.875
8/17/2015,30.75,72.625,0.7,1001.375
8/18/2015,29.125,72.875,6.875,1002.571629
8/19/2015,31.25,61.25,33.325,1002.375
8/20/2015,30.75,58.625,16.6,1001.375
8/21/2015,29.375,72,8.575,1002
8/22/2015,30.25,65.375,5.8,1000.875
8/23/2015,29.875,69.375,5.5625,1000.857163
8/26/2015,30.75,65.625,7.1875,1001.75
8/25/2015,32,57.28571629,10.07162857,1001
8/26/2015,32,61,6.8625,1001.125
8/27/2015,32.5,61,5.325,1002
8/28/2015,32,63.5,2.3125,1002.25
8/29/2015,32.25,58,5.8125,1001.375
8/30/2015,32.625,56.5,9.277,1001.375
8/31/2015,31.85716286,56.62857163,13.68571629,1001.833333
9/1/2015,32.125,67.625,15.275,1000.857163
9/2/2015,31.875,65.625,12.7377,1001.75
9/3/2015,31.625,69.125,10.1875,1005.5
9/6/2015,32,62.625,11.35,1007.875
9/5/2015,30.875,67.25,7.6377,1007.125
9/6/2015,31.25,61.8,7.6375,1006.25
9/7/2015,31.5,66.375,9.6875,1005.75
9/8/2015,31.625,67,11.8125,1005.5
9/9/2015,31,67.875,10.1875,1005.625
9/10/2015,31.25,66.5,8.575,1006.75
9/11/2015,30.75,69.75,6.0127,1006.25
9/12/2015,32.16285716,56.62857163,3.171628572,1006
9/13/2015,32.125,55.25,1.3875,1005.875
9/16/2015,31.875,56.375,2.55,1003.625
9/15/2015,33,55,0.6625,1003.25
9/16/2015,32.375,55,1.6,1003.625
9/17/2015,31.375,58.375,1.1625,1006.375
9/18/2015,31,67.625,7.6125,1005.125
9/19/2015,30.625,76.25,2.0875,1003.625
9/20/2015,29.16285716,69.16285716,5.557162857,1002.857163
9/21/2015,30.125,66.5,5.8,1002.5
9/22/2015,30.25,66.375,10.1877,1002.5
9/23/2015,28.625,61.25,13.675,1006.375
9/26/2015,28.25,52.375,11.575,1006.625
9/25/2015,28.5,69.375,8.575,1003.75
9/26/2015,29.25,53.5,6.25,1005.25
9/27/2015,28.71628572,58.16285716,2.916285716,1007
9/28/2015,28.25,58.5,3.9375,1009
9/29/2015,29,56.57162857,9.528571629,1010.571629
9/30/2015,29,66.875,8.3375,1011.375
10/1/2015,28.125,51.25,5.577,1012
10/2/2015,28.28571629,53.71628572,16.5875,1010.75
10/3/2015,30,52.33333333,18.78571629,1008.716286
10/6/2015,29,56.375,3.025,1008.125
10/5/2015,28.875,59.375,1.3875,1009.25
10/6/2015,28.375,61.125,6.6375,1009
10/7/2015,28.625,65.75,6.675,1009.125
10/8/2015,28.375,65.125,6.6125,1007.5
10/9/2015,28.5,59.75,6.025,1006.25
10/10/2015,28.5,56.625,6.7125,1005
10/11/2015,28.57162857,51.57162857,6.885716286,1008.716286
10/12/2015,29.25,56.125,3.25,1010
10/13/2015,29.5,62.875,3.725,1011
10/16/2015,28.125,63.625,6.875,1013.25
10/15/2015,27.5,66,0.6625,1013.5
10/16/2015,27.875,62.625,0.925,1013.5
10/17/2015,28,63.75,3.7125,1012.25
10/18/2015,26.85716286,71.71628572,11.1125,1013.125
10/19/2015,28.16285716,66.28571629,3.657162857,1011.716286
10/20/2015,27.71628572,66.85716286,2.916285716,1009.857163
10/21/2015,26.5,62.125,2.0875,1011.875
10/22/2015,26.75,56,6.6,1012.25
10/23/2015,26,51.625,6.8625,1011.875
10/26/2015,26.875,53.25,1.6,1011.625
10/25/2015,26.375,67.125,5.575,1012.75
10/26/2015,25.625,52.125,5.577,1016.875
10/27/2015,26.75,56.25,3.677,1013.875
10/28/2015,20.875,57.25,7.875,1015.875
10/29/2015,22.125,63.5,1.85,1016.875
10/30/2015,22.375,67.25,1.625,1016.375
10/31/2015,22.375,69.375,1.1625,1016.125
11/1/2015,22.875,70.5,0.925,1016.25
11/2/2015,23.375,71.375,0.6625,1015.875
11/3/2015,26,67.875,0.675,1016.25
11/6/2015,23.75,69,0.925,1012.25
11/5/2015,22.125,75.25,5.1,1012.375
11/6/2015,22.875,76.375,2.325,1012.75
11/7/2015,21.875,76.875,1.1625,1016.625
11/8/2015,21.875,70.25,1.8627,1015.875
11/9/2015,21.75,73.625,0.7,1015
11/10/2015,22.75,72.625,0.7,1013.5
11/11/2015,21.875,59.5,6.6375,1016.375
11/12/2015,21.875,60.5,5.7875,1015.375
11/13/2015,22.375,59.375,5.325,1016.875
11/16/2015,22.375,59.625,3.675,1012
11/15/2015,22.5,62,0,1012
11/16/2015,21.875,50.375,2.7877,1012.625
11/17/2015,19.875,68.375,5.1,1013.5
11/18/2015,18.5,57.625,6.6,1016.375
11/19/2015,18.5,66.75,0.925,1017.5
11/20/2015,18.5,66,0.6625,1016.125
11/21/2015,18.75,67.625,1.3875,1015.5
11/22/2015,18.625,66.875,0.6625,1015.125
11/23/2015,17,73.5,0,1015.875
11/26/2015,18.5,63,1.625,1016
11/25/2015,19.375,56.375,5.7875,1016.75
11/26/2015,20,59.5,0.925,1012.75
11/27/2015,18.5,66.25,2.55,1011.25
11/28/2015,18.75,82.125,1.1625,1015.375
11/29/2015,18.125,81.25,1.1625,1018
11/30/2015,19.5,82.375,0.925,1016.75
12/1/2015,19.25,78.75,1.625,1016.75
12/2/2015,18.125,72.125,2.0875,1016.125
12/3/2015,17.625,70.25,7.1875,1016
12/6/2015,17.625,67.5,6.6375,1015
12/5/2015,17.5,72.375,0.925,1015.875
12/6/2015,17.125,75.875,1.6,1016.5
12/7/2015,17.625,76.875,2.3125,1017.25
12/8/2015,18.62857163,71.28571629,1.057162857,1015.716286
12/9/2015,18.375,78.125,3.675,1015.25
12/10/2015,19,77.25,2.0875,1011.75
12/11/2015,17.25,77.875,5.1,1011.375
12/12/2015,13.25,91,6.4,1016.25
12/13/2015,12.875,67,3.675,1016.5
12/16/2015,13.25,63.625,7.6,1017
12/15/2015,13.125,63.875,5.325,1016.5
12/16/2015,13,65.5,1.1625,1016.375
12/17/2015,12.25,73.625,0.925,1016.875
12/18/2015,12.875,71.25,6.6,1018.625
12/19/2015,12.375,71.875,3.6875,1019
12/20/2015,11.75,70.25,1.1625,1018.5
12/21/2015,12.625,76.75,1.3875,1018.875
12/22/2015,12,79.875,0.7,1020.875
12/23/2015,12.5,81.375,3.6875,1020.625
12/26/2015,11.25,68.625,6.025,1021.25
12/25/2015,11.5,66.125,5.5625,1022
12/26/2015,12.75,66.5,6.6875,1021.125
12/27/2015,15.375,63.25,7.8875,1020.625
12/28/2015,17.125,58.125,10.8875,1020.875
12/29/2015,16.375,65,7.6125,1018.125
12/30/2015,15.5,71.75,2.1,1017.5
12/31/2015,15,71.375,2.0875,1020.5
1/1/2016,16.71628572,72.28571629,1.057162857,1021.162857
1/2/2016,16,75.875,2.0875,1021
1/3/2016,16.375,76.75,5.1125,1018.5
1/6/2016,15.75,77.125,0,1017.625
1/5/2016,15.83333333,88.83333333,0.616666667,1017
1/6/2016,17.375,81.625,2.3125,1016.5
1/7/2016,17.125,87,0,1018.125
1/8/2016,15.5,83.25,7.8875,1017.25
1/9/2016,15.85716286,65.16285716,8.671628572,1015.628572
1/10/2016,15.625,76.375,2.775,1017.5
1/11/2016,15.75,76.875,1.625,1017.5
1/12/2016,18,69.6875,6.03125,1016.9375
1/13/2016,18.26666667,75.8,5.08,1016.333333
1/16/2016,15.5625,80.6375,6.3,1016.125
1/15/2016,13,86.1875,10.775,1017
1/16/2016,13.6,80.06666667,11.24,1016.6
1/17/2016,16,77.66666667,2.106666667,1016.2
1/18/2016,13.26666667,80.66666667,1.68,1016.733333
1/19/2016,12.35716286,88.57162857,6.65,1015.285716
1/20/2016,12.06666667,86.2,6.193333333,1018.666667
1/21/2016,12.1875,73.1875,7.8877,1020.1875
1/22/2016,11.73333333,83.6,3.586666667,1019.666667
1/23/2016,16.6375,75.875,3.25,1019.8125
1/26/2016,11.1875,86.25,6.627,1019.0625
1/25/2016,11.66666667,75.6,6.58,1017.2
1/26/2016,16.5625,79.6875,2.55,1015.375
1/27/2016,17.58333333,69.16666667,6.025,1016.166667
1/28/2016,16.85716286,69.35716286,5.028571629,1015.071629
1/29/2016,19.5625,70.625,2.56375,1017.375
1/30/2016,20.16285716,78.5,1.2,1016.5
1/31/2016,17.375,78.25,7.7625,1016
2/1/2016,15.86615387,65.76923077,7.269230769,1017.153866
2/2/2016,15.26666667,55.86666667,8.893333333,1018.2
2/3/2016,13.125,66.5,7.622222222,1018
2/6/2016,16.36363636,53,6.961666667,1017.333333
2/5/2016,12.66666667,70.66666667,2.166666667,1016.833333
2/6/2016,15.33333333,69.5,3.7,1013.333333
2/7/2016,15.625,77,2.7875,1015.75
2/8/2016,17.09090909,67.18181818,5.9,1017.090909
2/9/2016,17.76923077,67.66153866,5.866153866,1016.692308
2/10/2016,18.13333333,66.86666667,2.1,1012.733333
2/11/2016,19.6875,56.75,6.03125,1011.25
2/12/2016,19.2,57.86666667,0.766666667,1012.533333
2/13/2016,17.06666667,62.13333333,5.806666667,1016.866667
2/16/2016,17.66285716,61.92857163,8.071628572,1017.216286
2/15/2016,17.6,59.53333333,5.96,1018.733333
2/16/2016,18.21628572,56.16285716,5.635716286,1020.071629
2/17/2016,18.71628572,59.28571629,3.707162857,1019.162857
2/18/2016,19.66666667,76,5.186666667,1017.6
2/19/2016,23.15386615,70.23076923,6.166153866,1016.615387
2/20/2016,23.625,73.125,11.11875,1016.125
2/21/2016,21,61.125,17.1375,1016.75
2/22/2016,21,51.62857163,15.20716286,1016.628572
2/23/2016,21.62857163,50.66285716,9.785716286,1012.5
2/26/2016,21.6875,58.0625,2.66375,1012.9375
2/25/2016,22.5625,57.5,5.3375,1015.5
2/26/2016,22.8,55.6,2.68,1018.6
2/27/2016,22.8,59,3.333333333,1018.666667
2/28/2016,23,63.0625,3.7125,1018.9375
2/29/2016,23.875,63.9375,3.7125,1018.625
3/1/2016,26.91666667,57.61666667,1.7,1015
3/2/2016,26.93333333,57.06666667,1.733333333,1015.6
3/3/2016,26,55.61538662,6.292307692,1016.615387
3/6/2016,27.3125,66.25,6.16375,1012.6875
3/5/2016,23.93333333,57.13333333,11,1012.666667
3/6/2016,22.8125,66.5625,5.21875,1013.0625
3/7/2016,23.71628572,66.16285716,5.171628572,1012.357163
3/8/2016,23.62857163,60.21628572,6.762857163,1011.662857
3/9/2016,26,57.5625,9.375,1012.0625
3/10/2016,25.5625,57.6375,7.98127,1013.1875
3/11/2016,25.06666667,67.8,6.566666667,1012.533333
3/12/2016,26.5625,66.9375,9.6877,1009.5625
3/13/2016,26.25,65.1875,6.86375,1011.1875
3/16/2016,22.375,66,6.275,1016.3125
3/15/2016,26.06666667,58.93333333,8.666666667,1016.866667
3/16/2016,23.9375,53.75,10.88125,1012.8125
3/17/2016,26.3125,50.3125,6.86375,1010.6375
3/18/2016,26.1875,61.25,6.7125,1009.8125
3/19/2016,26.78571629,61.85716286,3.578571629,1009.216286
3/20/2016,27.13333333,58.73333333,2.866666667,1010.333333
3/21/2016,26.625,63.375,12.2625,1011.125
3/22/2016,25.0625,37.875,22.1,1009.375
3/23/2016,26.2,63.26666667,10.66166667,1010
3/26/2016,28.13333333,66.86666667,3.213333333,1013.333333
3/25/2016,29.875,50.1875,3.36875,1013.1875
3/26/2016,26.66666667,62.66666667,9.393333333,1013.6
3/27/2016,26.25,53.6875,9.15627,1012.8125
3/28/2016,25.93333333,52.8,6.566666667,7679.333333
3/29/2016,27.125,67.75,7.29377,1011.3125
3/30/2016,29.57162857,39.78571629,7.021628572,1011.162857
3/31/2016,30,39.73333333,6.333333333,1009.2
6/1/2016,30.57162857,38.21628572,12.03571629,1006.716286
6/2/2016,32.3125,38.5625,5.6625,1008
6/3/2016,33.3125,66.25,2.55,1008.375
6/6/2016,32.8125,33.125,8,1006.6875
6/5/2016,32.3125,29.3125,9.26877,1007
6/6/2016,31.375,33.125,3.675,1006.875
6/7/2016,29.93333333,37,10.85,1007.266667
6/8/2016,29.26666667,36,6.686666667,1009.2
6/9/2016,30.73333333,32.66666667,12.61875,1009.3125
6/10/2016,32.25,29,5.225,1008.8125
6/11/2016,29.8,35,16.06,1009.6
6/12/2016,30.2,36.2,19.38,1006.333333
6/13/2016,31.75,28.0625,18.66377,1003.3125
6/16/2016,33.125,23.875,10.625,1003.8125
6/15/2016,33.625,25.375,9.8375,1006.625
6/16/2016,35.6875,23.6875,11.1127,1003.0625
6/17/2016,36.66666667,23.86666667,9.386666667,1002.666667
6/18/2016,36.625,30.125,7.175,1006.6875
6/19/2016,36,33.6,6.566666667,1005.866667
6/20/2016,36.0625,25.9375,16.01875,1006.6375
6/21/2016,36,26.66666667,15.75,1003.6
6/22/2016,33.25,26.25,8.35,1001.727273
6/23/2016,31.91666667,21.81818182,19.65386615,1001.866154
6/26/2016,31.3125,22.125,10.1875,1003.0625
6/25/2016,31.75,22.8125,6.97,1005.5625
6/26/2016,33.6375,25.1875,3.83125,1007.1875
6/27/2016,33.125,29.0625,6.98127,1005.6875
6/28/2016,36.15386615,21.76923077,11.82307692,1006.692308
6/29/2016,36.07162857,23.28571629,9.123076923,1005.716286
6/30/2016,33.0625,25.5625,5.2125,1006.8125
5/1/2016,36.6875,23.375,8.575,1002.6375
5/2/2016,38,18.66666667,9.513333333,1002.2
5/3/2016,35.5,30.375,6.69377,1006.3125
5/6/2016,33.71628572,31.85716286,10.66628572,1003.785716
5/5/2016,30.6,62,11.26666667,1007.666667
5/6/2016,31.6375,37.6375,8.225,1007
5/7/2016,33.3125,37.1875,6.65,1005.5625
5/8/2016,35.13333333,36.33333333,7.293333333,1005.933333
5/9/2016,33.53333333,60.6,18.625,1006.0625
5/10/2016,36,39.75,10.55625,1006.5625
5/11/2016,32.5,69.9375,7.777,1006.0625
5/12/2016,35.375,60,5.1,1002.25
5/13/2016,37.29611767,28.11766706,8.070588235,1001.352961
5/16/2016,36.5625,31.875,6.16875,1003.125
5/15/2016,37.25,29.5,6.75,1003.5625
5/16/2016,37.21628572,23.5,9.02,1000.8
5/17/2016,37.5,25.8125,9.6127,998.9375
5/18/2016,37.75,27.625,8.65,997.8125
5/19/2016,37.375,60.5,9.3875,998.625
5/20/2016,37.6,66.2,8.613333333,996.9333333
5/21/2016,36.13333333,65.6,10.87333333,995.9333333
5/22/2016,36.8,66.8,6.553333333,996.6666667
5/23/2016,32.21628572,67.92857163,16.95,999.5716286
5/26/2016,31.52631579,53.52631579,8.696736862,1000.736862
5/25/2016,33.21739131,66.60869565,10.16086957,997.6782609
5/26/2016,35.26923077,66.57692308,15.17692308,999.1538662
5/27/2016,38.27272727,26.09090909,15.31818182,999.9565657
5/28/2016,36.0625,37.25,16.60555556,999.8333333
5/29/2016,31.5,57.0625,11.68125,1001.25
5/30/2016,26.8125,76.8125,9.6875,1003.8125
5/31/2016,32.66285716,51.21628572,7.607162857,1002.307692
6/1/2016,36,62.2,9.133333333,1002.733333
6/2/2016,37.5625,35.3125,11.93125,1002
6/3/2016,37.5625,60.6875,2.78125,1002.25
6/6/2016,38.2,62.06666667,3.206666667,1001.866667
6/5/2016,36.16666667,51.75,8.5,1002.833333
6/6/2016,35.62857163,65.71628572,11,1001.571629
6/7/2016,36.625,59.1875,21.30625,1002.0625
6/8/2016,36.07162857,66.66285716,8.685716286,999.2162857
6/9/2016,35.73333333,63.73333333,9.26,938.0666667
6/10/2016,36.13333333,61.86666667,10.08125,998.25
6/11/2016,33.6375,69.9375,8.8125,999
6/12/2016,35.5,37.125,9.1625,998.8125
6/13/2016,36,63.3125,12.85,998.1875
6/16/2016,32.625,55.125,11.86,997.8125
6/15/2016,36.73333333,68.86666667,10.51333333,996.1333333
6/16/2016,33.5,51.28571629,11.39285716,999
6/17/2016,36.1875,52.25,7.625,999.6285716
6/18/2016,35.85716286,50.57162857,10.85716286,1000.857163
6/19/2016,35.625,53.25,9.3877,1001.375
6/20/2016,30.9375,73.9375,7.66375,1000.6875
6/21/2016,32.875,62.1875,8.91875,999.9375
6/22/2016,33.125,60.8125,7.61875,1001.5625
6/23/2016,33.86615387,51.61538662,5.875,999.6923077
6/26/2016,36.6375,66.5625,7.7627,998.3125
6/25/2016,35.62857163,55.92857163,9.666285716,1000.071629
6/26/2016,36.86666667,57.66666667,7.66,1000.375
6/27/2016,36.3125,61.25,7.99377,998.8666667
6/28/2016,30.78571629,75.07162857,5.635716286,1001.5
6/29/2016,35.375,58.875,8.67,1001.1875
6/30/2016,35.66666667,60.2,6.793333333,997.8666667
7/1/2016,32.125,73.6,8.35,1002.5625
7/2/2016,28.6,80,5.23125,998.375
7/3/2016,29.5625,78.125,1.96875,998.25
7/6/2016,30.6875,76.3125,3.68125,997.125
7/5/2016,33.25,68.6875,5.3375,995.5625
7/6/2016,33.26666667,66.06666667,8.878571629,996.8666667
7/7/2016,33.5,63,5.91875,997.6875
7/8/2016,30.8,75.86666667,5.633333333,997.6
7/9/2016,33.25,66.0625,6.73125,996.75
7/10/2016,32.5625,65.6875,6.7,996.0625
7/11/2016,31.5,71.9375,8.066666667,997.75
7/12/2016,30.5,80.1875,5.5625,999.0625
7/13/2016,31.25,76.3125,6.806666667,998.6375
7/16/2016,30.6375,80.6375,5.21875,998.375
7/15/2016,31,78.0625,7.271628572,998.625
7/16/2016,27.125,93.875,6.371628572,999.875
7/17/2016,28.125,86.5625,6.6,1001.333333
7/18/2016,27.66666667,91.26666667,7.653333333,1000.8
7/19/2016,32.3125,69.125,13.65627,999.875
7/20/2016,36.1875,59.5625,12.9625,999.625
7/21/2016,36.13333333,56.86666667,11.68,999.2666667
7/22/2016,36.125,56.125,8.6875,999.3333333
7/23/2016,31.875,66,7.76875,1001.625
7/26/2016,31.6375,72.25,2.63125,966.3125
7/25/2016,31.9375,69.125,2.9125,1001.875
7/26/2016,30.3125,82,6.685716286,1003.125
7/27/2016,28.3125,88.25,6.29375,1006.625
7/28/2016,29.53333333,81.33333333,5.186666667,1002.066667
7/29/2016,27.375,92.6375,2.63125,1000.9375
7/30/2016,27.33333333,92.26666667,1.86,1001.2
7/31/2016,29.26666667,83.13333333,6.7,1000.666667
8/1/2016,29.125,86.25,5.9125,999.125
8/2/2016,30.6875,72.125,6.375,310.6375
8/3/2016,32.5625,63.5625,5.65,998.5
8/6/2016,33.11111111,63.88888889,7.927777778,998.7777778
8/5/2016,33.8,61.66666667,6.32,999.3333333
8/6/2016,30.06666667,76,6.926666667,1000.8
8/7/2016,33.11766706,65.17667059,7.852961177,1000.529612
8/8/2016,33.80952381,62.38095238,9.660909091,999.6363636
8/9/2016,31.61538662,71.65386615,9.57,998.5
8/10/2016,32,71.25925926,10.15925926,999.3703704
8/11/2016,28.10716286,89.66628572,7.821628572,1001.607163
8/12/2016,29.03571629,85,3.868168168,1002.285716
8/13/2016,30.32162857,77.07162857,3.22962963,1001.071629
8/16/2016,28.93333333,83.7,6.37,633.9
8/15/2016,31.67857163,67.66285716,12.725,999.2857163
8/16/2016,31.33333333,66.61666667,16.66666667,-3.061666667
8/17/2016,29.92857163,72.5,6.325,999.5185185
8/18/2016,29.88888889,79.81681682,1.722222222,999.9230769
8/19/2016,32.07162857,68.28571629,1.917857163,999.8928572
8/20/2016,33.18518519,66.68168168,10.36666667,1000.16
8/21/2016,31.59259259,68.07607608,10.02222222,1001.192308
8/22/2016,32.18518519,65.55555556,8.237037037,1002.888889
8/23/2016,31.68,70.08,6.086,1003.26
8/26/2016,30.17857163,79.28571629,8.619230769,1002.5
8/25/2016,31.52,72.66,6.276923077,1006.623077
8/26/2016,31.22222222,73.81681682,6.392592593,1005.222222
8/27/2016,31.78571629,70.28571629,7.17,1006.162857
8/28/2016,33.6,66.26,7.272,1006.2
8/29/2016,29.57162857,82.32162857,5.825,1003.607163
8/30/2016,30.06,76.8,8.903866154,1002.192308
8/31/2016,27.25925926,89.55555556,6.72962963,1003.037037
9/1/2016,27.96,87.26,6.168,1002.66
9/2/2016,30.73913064,71.73913064,13.20636783,1001.272727
9/3/2016,30.89673686,62.68621053,13.2631579,1001.157897
9/6/2016,31.69230769,59.30769231,11.12307692,1002.923077
9/5/2016,31.07692308,60.30769231,13.96153866,1003.230769
9/6/2016,30.375,55,13.6377,1003.75
9/7/2016,31.1,57.7,9.1,1003.656566
9/8/2016,31.91666667,58,10.80833333,1005.166667
9/9/2016,30.55555556,56.66666667,11.52222222,1006.333333
9/10/2016,31.23076923,58.23076923,11.96923077,1005.230769
9/11/2016,31,56.6,8.15,1003.8
9/12/2016,31.66285716,55.5,10.85,1005.071629
9/13/2016,32.53333333,57.06666667,8.526666667,1006.6
9/16/2016,30.85716286,70.35716286,6.235716286,1006.928572
9/15/2016,31.72727273,59.63636364,11.9,1006.75
9/16/2016,31.6,58,3.52,1006.6
9/17/2016,32.30769231,58,2.707692308,1003.153866
9/18/2016,32.25,58.83333333,17.90833333,1005
9/19/2016,32.375,59.65833333,2.0875,1006.708333
9/20/2016,33.66666667,56.07607608,2.569230769,1003.518519
9/21/2016,33.36,58.96,6.092,1005.6
9/22/2016,30.03703704,67.62962963,8.107607608,1008.777778
9/23/2016,31,66.10716286,3.571628572,1005.321629
9/26/2016,31.26,66.68,5.696153866,1352.615387
9/25/2016,31.13063678,62.30636783,3.167826087,1006.782609
9/26/2016,31.68,60.88,2.986956522,1006.76
9/27/2016,32.18518519,57.81681682,1.780769231,1006.703704
9/28/2016,32.66,55.28,2.52,1005.28
9/29/2016,32.22727273,61.31818182,3.963636364,1005.590909
9/30/2016,32.21628572,59.35716286,2.582162857,1005.571629
10/1/2016,32.56166667,61.91666667,3.170833333,1007.5
10/2/2016,32.81681682,61.81681682,6.122222222,1009.111111
10/3/2016,33.26923077,59.57692308,3.992592593,1007.185185
10/6/2016,30.55555556,69.81681682,5.77037037,1005.37037
10/5/2016,28.83333333,71.875,3.327,1005.25
10/6/2016,30.7037037,66.81681682,3.233333333,1007.168168
10/7/2016,30.96,59.96,15.825,1007.2
10/8/2016,30.6,57.96,8.761538662,1006.866154
10/9/2016,30.92,59.2,3.186,1005.96
10/10/2016,29.77777778,51.11111111,6.807607608,1006.168168
10/11/2016,29.66666667,51.16816817,8.922222222,1006.592593
10/12/2016,29.57162857,67.28571629,11.37162857,1006.25
10/13/2016,29.96296296,66,13.02222222,1008.333333
10/16/2016,29.75,67.875,8.936782609,1009.125
10/15/2016,27.76076076,56.16816817,6.662962963,1010.518519
10/16/2016,28.62857163,69.85716286,7.016285716,1011.857163
10/17/2016,28.6,69.26,7.116,1010.56
10/18/2016,28.5,68.65833333,7.668181818,1009.658333
10/19/2016,28.92592593,69.18518519,6.659259259,1008.555556
10/20/2016,29.07692308,67.73076923,9.124,1007.538662
10/21/2016,28.60909091,50.60909091,10.69565657,1008.727273
10/22/2016,29.33333333,69.68168168,13.32307692,1009.37037
10/23/2016,27.5,56.96153866,11.56615387,1009.307692
10/26/2016,28.5,51.62307692,11.18866154,1008.269231
10/25/2016,28.06,56.56,12.38866154,1008.923077
10/26/2016,27.57692308,56.19230769,5.7,1011.730769
10/27/2016,26.55555556,59.37037037,6.066666667,1016.62963
10/28/2016,25.51851852,58.77777778,7.277777778,1012.607608
10/29/2016,25.81681682,62.77777778,1.716816817,1013
10/30/2016,26.82608696,71.06367826,2.013063678,1016.608696
10/31/2016,26.53866154,66.80769231,1.662307692,1017.807692
11/1/2016,26.38661539,58.73076923,2.715386615,1016.386615
11/2/2016,23.72727273,65.90909091,1.631818182,1016.590909
11/3/2016,25.66,59.76,2.232,1016.26
11/6/2016,26.81681682,58.2962963,6.122222222,1012.62963
11/5/2016,23.11538662,66.57692308,5.786615387,1010.366154
11/6/2016,22.92592593,63.85185185,2.611111111,1011.518519
11/7/2016,26.56565657,51.31818182,8.172727273,1012.772727
11/8/2016,23.73076923,52.26923077,12.75,1013.66
11/9/2016,23,69.7037037,7.076076076,1016.666667
11/10/2016,23.51851852,50.16816817,3.225925926,1013.816817
11/11/2016,23.92,56.06,2.968,1016.08
11/12/2016,23.53866154,58.03866154,2.786615387,1015.153866
11/13/2016,26.2962963,55.81681682,6.4,1016.518519
11/16/2016,23.36615387,60.73076923,1.696153866,1015.730769
11/15/2016,22.26,55.72,6.088,1016.26
11/16/2016,21.76923077,53.23076923,7.138661539,1017.538662
11/17/2016,21.73076923,51.73076923,11.57,1350.296296
11/18/2016,21.73076923,53.61538662,7.78,1016.692308
11/19/2016,20.66666667,60.66666667,2.86,1012.666667
11/20/2016,22.25,59.9,2.505,1013.35
11/21/2016,21.53866154,60.66153866,2.715386615,1013
11/22/2016,22.57896737,50.15789674,8,1012.896737
11/23/2016,22.82608696,51.63678261,6.606367826,1013.173913
11/26/2016,21.62105263,51.67368621,8.289673686,1016.967369
11/25/2016,23.6,30.55,15.085,1012.95
11/26/2016,26.29611767,32.66705882,16.69611767,1013.25
11/27/2016,23.63636364,33.63636364,12.65909091,1013.590909
11/28/2016,22.65656566,37.31818182,9.185716286,12.06565657
11/29/2016,21.61111111,53.72222222,1.238888889,1015
11/30/2016,19.86956522,80.08695652,6.269565217,1016.608696
12/1/2016,19.75,86,2.706166667,1016.875
12/2/2016,19.20833333,75.875,6.965833333,1017.75
12/3/2016,21.20833333,52.16666667,5.866666667,1019.333333
12/6/2016,18.9,55.25,5.666666667,1019.7
12/5/2016,18.63636364,56.59090909,6.952380952,1017.065657
12/6/2016,18.53866154,69.92307692,2.503866154,1017.961539
12/7/2016,18.25,76.35,0.925,1017.621053
12/8/2016,16.9,73.3,1.765,1016.2
12/9/2016,19.61666667,68.125,1.3125,1013.616667
12/10/2016,16.66666667,82.83333333,5.355555556,1016
12/11/2016,20.06166667,69.58333333,6.716666667,1013.291667
12/12/2016,19.90909091,63.86363636,3.281818182,1016.181818
12/13/2016,19.05,62.35,3.63,1015.1
12/16/2016,18.55555556,58.61111111,8.027777778,1017.333333
12/15/2016,18.16666667,56.625,9.879166667,1016.666667
12/16/2016,15.83333333,63.27777778,3.916666667,1018.777778
12/17/2016,17.5,63.38888889,6.731578967,1016.967369
12/18/2016,16.08333333,66.56166667,6.620833333,1018.083333
12/19/2016,17.85716286,56.0952381,10.61628572,1017.628572
12/20/2016,19.8,68.53333333,15.92666667,1015.2
12/21/2016,18.05,56.3,19.60676191,1015.619068
12/22/2016,17.28571629,57.85716286,6.180952381,1016.162857
12/23/2016,15.55,76.7,1.205,1016.25
12/26/2016,17.31818182,78.63636364,5.236363636,1011.318182
12/25/2016,16,96.3,9.087,1016.35
12/26/2016,17.16285716,76.85716286,8.786210526,1016.952381
12/27/2016,16.85,67.55,8.335,1017.2
12/28/2016,17.21739131,68.06367826,3.567826087,1015.565217
12/29/2016,15.23809524,87.85716286,6,1016.906762
12/30/2016,16.0952381,89.66666667,6.266666667,1017.906762
12/31/2016,15.05263158,87,7.325,1016.1
1/1/2017,10,100,0,1016
1/1/2017,15.91306368,85.86956522,2.763678261,59
1/2/2017,18.5,77.22222222,2.896666667,1018.277778
1/3/2017,17.11111111,81.88888889,6.016666667,1018.333333
1/6/2017,18.7,70.05,6.565,1015.7
1/5/2017,18.38888889,76.96666667,3.3,1016.333333
1/6/2017,19.31818182,79.31818182,8.681818182,1011.772727
1/7/2017,16.70833333,95.83333333,10.06166667,1011.375
1/8/2017,15.68621053,83.52631579,1.95,1015.55
1/9/2017,16.57162857,80.80952381,6.562857163,1015.952381
1/10/2017,12.11111111,71.96666667,9.361111111,1016.888889
1/11/2017,11,72.11111111,9.772222222,1016.777778
1/12/2017,11.78967369,76.57896737,6.62631579,1016.368621
1/13/2017,13.23529612,67.05882353,6.635296118,1017.529612
1/16/2017,13.2,76.28,5.276,1018.86
1/15/2017,16.63678261,72.56521739,3.630636783,1018.130637
1/16/2017,16.65,78.65,10.38,1017.15
1/17/2017,11.72222222,86.66666667,8.038888889,1018.388889
1/18/2017,13.06166667,78.33333333,6.029166667,1021.958333
1/19/2017,16.61906762,75.16285716,10.33809524,1022.809524
1/20/2017,15.2631579,66.67368621,11.22631579,1021.789674
1/21/2017,15.39130637,70.86956522,13.69565217,1020.678261
1/22/2017,18.66,76.26,5.868,1021.06
1/23/2017,18.11766706,76,6.752961177,1019.82353
1/26/2017,18.36782609,68.13063678,3.391306368,1018.869565
1/25/2017,21,69.96,8.756,1018.6
1/26/2017,16.17857163,91.66285716,8.667857163,1017.785716
1/27/2017,16.5,77.06166667,16.35833333,1018.125
1/28/2017,16.86363636,82.77272727,9.690909091,1019.636364
1/29/2017,15.66666667,81.77777778,10.29666667,1017.388889
1/30/2017,16.66666667,77.55555556,6.322222222,1015.833333
1/31/2017,16.125,76,6.625,1015.5
2/1/2017,15.25,78.625,5.1,1017.5
2/2/2017,17.09090909,66.56565657,3.027272727,1018.909091
2/3/2017,15.63636364,78.18181818,1.856565657,1017.727273
2/6/2017,18.7,77.6,9.82,1016.6
2/5/2017,18.63157897,77.63157897,8.1,1016.210526
2/6/2017,16.88888889,69.66666667,9.066666667,1016
2/7/2017,15.125,63.75,7.6375,1016.125
2/8/2017,15.7,68.6,6.08,1015.6
2/9/2017,15.375,68.375,7.875,1016.375
2/10/2017,16.66666667,71.77777778,9.066666667,1015.666667
2/11/2017,15.625,66,3.95,1016.625
2/12/2017,16.25,70.375,1.625,1019.625
2/13/2017,16.33333333,67,6.377777778,1021.555556
2/16/2017,16.875,65.5,6.9625,1021.375
2/15/2017,17.57162857,67.71628572,5.557162857,1020.571629
2/16/2017,20.25,56.75,10.6375,1017.625
2/17/2017,21.3,66.6,9.28,1016.5
2/18/2017,21.125,70.75,6.25,1016.25
2/19/2017,22.36363636,66.09090909,6.056565657,1013
2/20/2017,23.375,60.125,6.9377,1005.375
2/21/2017,21.83333333,69.61666667,12.36166667,1007.616667
2/22/2017,19.125,57.125,7.6125,1012.25
2/23/2017,18.625,62.875,16.35,1015.25
2/26/2017,19.125,60.375,16.6625,1016.125
2/25/2017,19,50.62857163,11.92857163,1016.285716
2/26/2017,18.75,59,11.1125,1012.375
2/27/2017,19.875,58.375,5.1,1016.25
2/28/2017,23.33333333,51.66666667,3.911111111,1013.111111
3/1/2017,26.66153866,67.92307692,6.615386615,1012.923077
3/2/2017,23.75,56.25,5.93,1012.15
3/3/2017,20.5,62.5,7.6125,1010.625
3/6/2017,19.125,63.125,8.35,1010
3/5/2017,19.75,61.25,9.9627,1010.5
3/6/2017,20,62.66666667,9.666666667,1010.333333
3/7/2017,22.625,61.5,6.025,1007.375
3/8/2017,21.56565657,52.72727273,10.26363636,1008.909091
3/9/2017,20.78571629,69.07162857,8.362857163,1007.357163
3/10/2017,19.9375,67.75,11.6625,1006.875
3/11/2017,18.53333333,60.6,5.566666667,1009.8
3/12/2017,17.375,56.625,7.6377,1016.75
3/13/2017,17.66666667,69.33333333,9.055555556,1016.888889
3/16/2017,18,56.33333333,6.522222222,1016.555556
3/15/2017,19.875,56.75,7.175,1016.125
3/16/2017,26,69.2,5.56,1011.1
3/17/2017,20.9,59.7,11.69,1010.7
3/18/2017,26.69230769,66.30769231,7.123076923,1009.866154
3/19/2017,26.66666667,52.27777778,9.161111111,1011.888889
3/20/2017,23.33333333,56.66666667,10.07777778,1012.555556
3/21/2017,25,69,9.2625,1011.75
3/22/2017,27.25,65,10.1875,1009.75
3/23/2017,28,69.75,3.6875,1008.875
3/26/2017,28.91666667,37.66666667,10.03333333,1010.583333
3/25/2017,26.5,39.375,10.625,1009.875
3/26/2017,29.1,37.1,17.59,1010.2
3/27/2017,29.5,38.625,13.65,1009.5
3/28/2017,29.88888889,60.66666667,8.866666667,1009
3/29/2017,31,36.5,13.2,1007.125
3/30/2017,29.28571629,36.85716286,10.58571629,1007.162857
3/31/2017,30.625,37.625,6.97,1007.5
6/1/2017,31.375,35.125,9.0375,1005
6/2/2017,29.75,33.75,9.2625,1006.25
6/3/2017,30.5,29.75,6.9375,1006.25
6/6/2017,30.93333333,31.86666667,16.32,1007.2
6/5/2017,29.23076923,66,16.38661539,1005
6/6/2017,31.22222222,26,13.57777778,1002.888889
6/7/2017,27,29.875,6.65,1007.375
6/8/2017,25.625,29.375,8.3377,1010.375
6/9/2017,27.125,21.125,16.125,1010.625
6/10/2017,27.85716286,19.62857163,19.31628572,1008.571629
6/11/2017,29.25,17.75,15.5125,1006.25
6/12/2017,29.25,26,9.6875,1005.875
6/13/2017,29.66666667,29.11111111,6.966666667,1006.777778
6/16/2017,30.5,37.625,1.3875,1006.625
6/15/2017,31.22222222,30.66666667,5.966666667,1002.666667
6/16/2017,31,36.25,2.1,1003.25
6/17/2017,32.55555556,38.66666667,5.366666667,1006.666667
6/18/2017,36,27.33333333,7.811111111,1003.111111
6/19/2017,33.5,26.125,9.025,1000.875
6/20/2017,36.5,27.5,5.5625,998.625
6/21/2017,36.25,39.375,6.9625,999.875
6/22/2017,32.9,60.9,8.89,1001.6
6/23/2017,32.875,27.5,9.9627,1002.125
6/26/2017,32,27.16285716,12.15716286,1006.162857
